claim_id,patient_id,provider_id,provider_name,claim_amount,service_date,submission_date,claim_type,diagnosis_codes,procedure_codes,claim_narrative
VN-001,BN-1001,BV-01,Bệnh viện Đa Khoa Tỉnh Thanh Hóa,350000,2026-04-10,2026-04-12,outpatient,Z00.0,KT-001,Bệnh nhân đến khám sức khỏe định kỳ. Không có triệu chứng bất thường. Huyết áp 120/80 mmHg. Tim phổi bình thường. Tư vấn dinh dưỡng và tái khám sau 6 tháng.
VN-002,BN-1002,BV-02,Bệnh viện Phụ Sản Trung Ương,480000,2026-04-08,2026-04-09,outpatient,Z34.00,KT-002|KT-003,Khám thai lần 2, thai kỳ 20 tuần. Siêu âm hình thái thai nhi bình thường. Tim thai đều 150 lần/phút. Tư vấn dinh dưỡng thai kỳ. Hẹn tái khám tuần 28.
VN-003,BN-1003,BV-03,Bệnh viện Hữu Nghị Việt Đức,8500000,2026-03-20,2026-03-22,inpatient,K35.80,PT-001|PT-002,Bệnh nhân nhập viện cấp cứu với đau bụng hố chậu phải cấp tính. Chẩn đoán viêm ruột thừa cấp. Phẫu thuật nội soi cắt ruột thừa thực hiện thành công. Hậu phẫu ổn định, xuất viện sau 3 ngày.
VN-004,BN-1004,BV-04,Bệnh viện Răng Hàm Mặt Trung Ương,1200000,2026-04-05,2026-04-06,outpatient,K01.1,KT-004,Nhổ răng khôn hàm dưới trái trong xương. Gây tê tại chỗ. Phẫu thuật nhổ răng thực hiện trong 30 phút. Kê đơn kháng sinh và giảm đau sau nhổ. Tái khám sau 1 tuần.
VN-005,BN-1005,BV-05,Trung Tâm Chẩn Đoán Y Khoa Hà Nội,320000,2026-04-09,2026-04-10,lab,Z13.88,XN-001|XN-002|XN-003,Xét nghiệm máu thường quy theo chỉ định của bác sĩ: công thức máu toàn phần, đường huyết lúc đói, chức năng gan thận. Kết quả trong giới hạn bình thường.
VN-006,BN-1006,BV-06,Bệnh viện Bạch Mai,45000000,2026-03-10,2026-03-12,inpatient,C18.9|Z51.11,XT-001|XT-002|XT-003,Bệnh nhân ung thư đại tràng giai đoạn III. Hóa trị theo phác đồ FOLFOX chu kỳ 4. Truyền thuốc 2 ngày liên tục. Bệnh nhân dung nạp tốt. Hẹn chu kỳ tiếp theo sau 2 tuần.
VN-007,BN-1007,BV-07,Bệnh viện Đa Khoa Trung Ương Cần Thơ,780000,2026-04-07,2026-04-08,outpatient,E11.9,KT-005|KT-006,Tái khám đái tháo đường type 2. Đường huyết kiểm soát tốt với HbA1c 6.8%. Tiếp tục thuốc metformin 500mg. Tư vấn chế độ ăn và vận động. Tái khám sau 3 tháng.
VN-008,BN-1008,BV-08,Phòng Khám Đa Khoa Minh Đức,290000,2026-04-06,2026-04-07,outpatient,J06.9,KT-001,Khám viêm đường hô hấp trên. Ho, sổ mũi 3 ngày. Họng sung huyết nhẹ. Kê đơn thuốc hạ sốt, vitamin C. Không có biến chứng. Dặn uống nhiều nước và nghỉ ngơi.
VN-009,BN-1009,BV-09,Bệnh viện Mắt Trung Ương,2800000,2026-04-03,2026-04-04,outpatient,H25.11,PT-003,Phẫu thuật đục thể thuỷ tinh mắt phải bằng phương pháp Phaco. Đặt thể thuỷ tinh nhân tạo IOL. Phẫu thuật thực hiện thành công trong 20 phút. Thị lực hậu phẫu tốt. Tái khám ngày hôm sau.
VN-010,BN-1010,BV-10,Phòng Khám Đa Khoa Thái Bình,12500000,2026-04-01,2026-04-02,outpatient,J11.1,XN-001|XN-002|XN-003|XN-004|XN-005|XN-006|XN-007|XN-008|XN-009|XN-010|XN-011|XN-012|XN-013|XN-014|XN-015,Bệnh nhân ho sổ mũi nhẹ 1 ngày. Nhiệt độ bình thường. Khám nhanh 10 phút.
VN-011,BN-1011,BV-11,Bệnh viện Đa Khoa Tư Nhân Phú Nhuận,85000000,2026-03-25,2026-03-26,inpatient,D27.9,PT-010|PT-011|PT-012|PT-013|PT-014,Phẫu thuật nội soi phức tạp đa tầng, cắt bỏ khối u kích thước 2cm buồng trứng phải. Thời gian mổ 15 phút. Xuất viện ngay trong ngày.
VN-012,BN-1012,BV-12,Bệnh viện Đa Khoa Khu Vực Miền Núi,25000000,2026-03-28,2026-04-07,inpatient,J02.9,KT-007,Nhập viện điều trị viêm họng cấp. Điều trị 10 ngày nội trú. Bệnh nhân đáp ứng tốt với kháng sinh uống đơn giản.
VN-013,BN-1013,BV-08,Phòng Khám Đa Khoa Minh Đức,18000000,2026-04-04,2026-04-05,outpatient,J00,TH-001|TH-002|TH-003|TH-004|TH-005|TH-006|TH-007|TH-008,Cảm lạnh thông thường. Kê 8 loại thuốc gồm: Augmentin 1g, Ceftriaxone 1g tiêm, Dexamethasone, Omeprazole, Vitamin tổng hợp nhập khẩu, Collagen peptide, Glutathione truyền tĩnh mạch, Albumin 20%.
VN-014,BN-1014,BV-13,Bệnh viện Phục Hồi Chức Năng Tỉnh,92000000,2026-01-05,2026-01-07,inpatient,M54.5,PT-015|PT-016|PT-017,Điều trị đau thắt lưng. Số ngày điều trị: 30 ngày nội trú. Bệnh nhân tự đến tái khám mà không nhập viện thực tế.
VN-015,BN-1015,BV-01,Bệnh viện Đa Khoa Tỉnh Thanh Hóa,5600000,2026-04-02,2026-04-03,outpatient,I10,KT-008|KT-009|KT-010|KT-011,
VN-016,BN-1003,BV-14,Phòng Khám Chuyên Khoa Tim Mạch,4200000,2026-03-20,2026-03-21,outpatient,I25.10,KT-012|KT-013,Bệnh nhân khám tim mạch lần 1 đợt điều trị mới. Tiếp tục điều trị bệnh mạch vành ổn định.
VN-016B,BN-1003,BV-14,Phòng Khám Chuyên Khoa Tim Mạch,4200000,2026-03-21,2026-03-22,outpatient,I25.10,KT-012|KT-013,Bệnh nhân khám tim mạch lần 2 cùng đợt điều trị. Không có thay đổi lâm sàng.
VN-016C,BN-1003,BV-14,Phòng Khám Chuyên Khoa Tim Mạch,4200000,2026-03-22,2026-03-23,outpatient,I25.10,KT-012|KT-013,Bệnh nhân khám tim mạch lần 3 cùng đợt điều trị. Tình trạng như cũ. Kê lại đơn thuốc cũ.
VN-017,BN-1016,BV-05,Trung Tâm Chẩn Đoán Y Khoa Hà Nội,9800000,2026-04-06,2026-04-07,outpatient,G43.909,CĐHA-001|CĐHA-002|CĐHA-003,Đau đầu thông thường, đã có chẩn đoán migraine 5 năm. Chỉ định chụp CT sọ não có thuốc cản quang 3 lần trong 2 tuần, không có thay đổi bệnh lý.
VN-018,BN-1017,BV-11,Bệnh viện Đa Khoa Tư Nhân Phú Nhuận,15000000,2026-04-08,2026-04-09,inpatient,J18.1,KT-014|KT-015,Bệnh nhân điều trị viêm phế quản nhẹ. Hồ sơ ghi phòng dịch vụ cao cấp 1 giường đơn (3.000.000 VND/ngày x 5 ngày). Thực tế bệnh nhân nằm phòng tập thể thông thường.
VN-019,BN-1018,BV-03,Bệnh viện Hữu Nghị Việt Đức,8500000,2026-03-20,2026-03-25,inpatient,K35.80,PT-001|PT-002,Bệnh nhân phẫu thuật nội soi cắt ruột thừa. Hậu phẫu ổn định. Xuất viện sau 3 ngày.
VN-020,BN-1019,BV-15,Phòng Khám Đa Khoa Nam Định,38000000,2026-04-10,2026-04-11,outpatient,Z00.0,KT-001|XN-001|XN-002|XN-003|XN-004|XN-005|XN-006|XN-007|XN-008|XN-009|CĐHA-001|CĐHA-002|CĐHA-003|CĐHA-004|KT-008|KT-009|KT-010|KT-011|KT-012|KT-013,Khám sức khỏe định kỳ bình thường. Bệnh nhân khỏe mạnh không có triệu chứng.
VN-021,BN-1020,BV-10,Phòng Khám Đa Khoa Thái Bình,22000000,2026-04-05,2026-04-06,inpatient,J18.9,KT-016|KT-017|KT-018|XN-001|XN-002,Nhập viện điều trị viêm phổi 7 ngày. Bệnh nhân thực tế chỉ có triệu chứng cảm cúm nhẹ, sốt 37.5°C, không ho khan hay khó thở. Kháng sinh uống thông thường là đủ.
VN-022,BN-1021,BV-02,Bệnh viện Phụ Sản Trung Ương,3500000,2026-04-01,2026-04-03,inpatient,O80,PT-004|PT-005,Sinh thường ngôi đầu con so. Thai kỳ đủ tháng 39 tuần. Cuộc đẻ diễn ra thuận lợi. Bé gái 3.2kg, Apgar 9/10. Mẹ và bé xuất viện sau 2 ngày.
VN-023,BN-1022,BV-06,Bệnh viện Bạch Mai,1850000,2026-04-07,2026-04-08,outpatient,G43.909,KT-019|KT-020,Tái khám đau đầu migraine. Bệnh nhân dùng thuốc đều đặn theo đơn cũ. Tần suất cơn đau giảm từ 4 xuống 2 lần/tháng. Tiếp tục phác đồ hiện tại, tái khám sau 2 tháng.
VN-024,BN-1023,BV-16,Bệnh viện Đa Khoa Khu Vực Duyên Hải,430000,2026-04-09,2026-04-10,lab,E11.9|I10,XN-001|XN-004|XN-007,Xét nghiệm kiểm tra định kỳ cho bệnh nhân đái tháo đường và tăng huyết áp: HbA1c, lipid máu, creatinine. Kết quả ổn định.
VN-025,BN-1024,BV-17,Bệnh viện Chợ Rẫy,12000000,2026-04-08,2026-04-09,inpatient,S72.001A,PT-006|PT-007|CĐHA-005,Bệnh nhân gãy cổ xương đùi phải do tai nạn giao thông. Chụp X-quang xác định gãy kín Garden II. Phẫu thuật kết hợp xương thành công. Tập vật lý trị liệu sau mổ. Xuất viện sau 5 ngày.
