name,passed,message,detail
health-endpoint,True,"status=200 body={""status"":""ok""}",
create-session,True,session_id=333ac852-bbf3-47be-9...,
chat-Nhân viên dưới 5 năm có bao nhiêu n,True,"query_type=LOCAL, sources=7, contains='12': ✓",
chat-Quy trình xin nghỉ đột xuất cần làm,True,"query_type=LOCAL, sources=6, contains='HRM': ✓",
chat-Phòng Kỹ thuật được phép mặc gì vào,True,"query_type=LOCAL, sources=7, contains='casual': ✓",
chat-Mức phụ cấp ăn trưa là bao nhiêu?,True,"query_type=LOCAL, sources=6, contains='50.000': ✓",
chat-Phòng Kỹ thuật làm remote tối đa mấ,True,"query_type=LOCAL, sources=6, contains='3': ✓",
chat-Câu hỏi hoàn toàn không liên quan đ,False,"query_type=LOCAL, sources=6, contains='Nhân sự': ✗","Reply excerpt: Chào bạn,

Rất tiếc, tôi là trợ lý AI chuyên về nội quy và chính sách của Công ty Agentic House nên tôi không có thông tin về thời tiết hôm nay. Tôi chỉ có thể hỗ trợ bạn với các câu hỏi liên quan đến"
delete-session,True,status=200,
